model,weight_quant,cache_type_k,cache_type_v,n_ctx,n_examples_total,n_examples_fitted,n_examples_skipped,n_examples_error,n_correct,accuracy,accuracy_easy,accuracy_hard,accuracy_by_domain,avg_ttft_s,avg_decode_tps,avg_prompt_tokens,rss_gb_after_load,rss_gb_peak,vram_mb_after_load,vram_mb_peak,kv_cache_mib,total_time_s,sample_ids,seed,notes
unsloth/Qwen3.5-9B-GGUF,Q8_0,f16,f16,131072,100,86,14,0,26,0.3023,0.3667,0.2679,"{""Multi-Document QA"": 0.3478, ""Single-Document QA"": 0.303, ""Long-dialogue History Understanding"": 0.5, ""Code Repository Understanding"": 0.1111, ""Long In-context Learning"": 0.25, ""Long Structured Data Understanding"": 0.0}",10.3805,11751.03,72275.0,1.6269721984863281,9.9952,12986.0,13010.0,,1008.03,"['66f3c1c3821e116aacb2eaf6', '66eefe85821e116aacb228dc', '66ebde0f5a08c7b9b35e1256', '671b1480bb02136c067d4f14', '66ed0cb0821e116aacb1e6c1', '66f67c18bb02136c067c21b8', '66ebdadd5a08c7b9b35e0e5b', '6704a442bb02136c067cdd91', '66f3ad93821e116aacb2e29f', '66f9625fbb02136c067c5456', '66f39ac5821e116aacb2da81', '66fa6867bb02136c067c6b3b', '66ec3a46821e116aacb1c49f', '66ebd5125a08c7b9b35e0616', '66fe8eb3bb02136c067ca35f', '66fcf36fbb02136c067c919e', '671b3fa1bb02136c067d5353', '66f41348821e116aacb30c89', '66ebe68d5a08c7b9b35e190b', '66f91f2cbb02136c067c4b1e', '66ebc95f5a08c7b9b35df497', '66ed1556821e116aacb1ea14', '66faac15bb02136c067c73f3', '66f284ff821e116aacb29763', '66f37635821e116aacb2d017', '6703a0ecbb02136c067cd11b', '66fab090bb02136c067c74e7', '66eae4de5a08c7b9b35dd12d', '66f8d84cbb02136c067c465f', '66f59d31821e116aacb340f6', '66fcf2f2bb02136c067c9169', '66fb6d71bb02136c067c7c34', '66eecc45821e116aacb225c3', '671b08c8bb02136c067d4e19', '66ebd49a5a08c7b9b35e0550', '66ec3aff821e116aacb1c52e', '6725db01bb02136c067d847f', '6719167dbb02136c067d4025', '66f3cca6821e116aacb2ef7c', '66f19f04821e116aacb27bab', '670493d4bb02136c067cdcd9', '66f2c44e821e116aacb2b826', '66f50109821e116aacb31f16', '66fa788abb02136c067c6d75', '6724c788bb02136c067d792d', '66f3f1a5821e116aacb2fdc7', '67246903bb02136c067d74f2', '6725d7a9bb02136c067d822d', '6724c1d4bb02136c067d77ec', '66f8d4b3bb02136c067c45c2', '670397b5bb02136c067ccec6', '66ebdfb65a08c7b9b35e140a', '66f52d48821e116aacb32cf4', '66f8c783bb02136c067c44b8', '6719ef50bb02136c067d4911', '66efaf70821e116aacb234bd', '66fa700bbb02136c067c6c06', '67189156bb02136c067d3b8d', '66f17aab821e116aacb2772d', '6725dcb2bb02136c067d85b7', '66ecfdbd821e116aacb1e3f7', '67286036bb02136c067d9092', '67192057bb02136c067d41b4', '66fa8ccdbb02136c067c6fa7', '66f4ce9e821e116aacb31731', '66ece28e821e116aacb1db1f', '66f2a80d821e116aacb2a760', '6725d977bb02136c067d8373', '66f7f963bb02136c067c3be1', '6725dc6abb02136c067d8586', '670fb8dfbb02136c067d2c48', '66f28ede821e116aacb29a27', '66fc05b6bb02136c067c88e4', '67286634bb02136c067d91f0', '66fe81dcbb02136c067ca2de', '66f2e874821e116aacb2c0af', '66ec31eb821e116aacb1bf28', '66ed211f821e116aacb1ee0d', '66ec2df6821e116aacb1bb7b', '66f97d7fbb02136c067c56b2', '66f535c5821e116aacb33168', '66f2ef20821e116aacb2c278', '670cf1c0bb02136c067d26e5', '672468b1bb02136c067d74bd', '67246a00bb02136c067d759f', '66f590fa821e116aacb33f35', '671b5d49bb02136c067d55fb', '6723a1ccbb02136c067d70b3', '66f2982b821e116aacb29c66', '66f3f46f821e116aacb2ff5d', '66f5605a821e116aacb3381f', '66f55828821e116aacb3363e', '66f7f382bb02136c067c3a6c', '66fa3843bb02136c067c655d', '66f2a255821e116aacb2a20b', '66fcfb1cbb02136c067c938b', '66fcf53fbb02136c067c91e7', '66f1dac1821e116aacb27df1', '66fcf80dbb02136c067c928e', '66f40c5e821e116aacb30ad2']",42,"skipped: ['66f50109821e116aacb31f16', '6724c788bb02136c067d792d', '66f3f1a5821e116aacb2fdc7', '6724c1d4bb02136c067d77ec', '67286036bb02136c067d9092', '66fa8ccdbb02136c067c6fa7', '66f2a80d821e116aacb2a760', '66f7f963bb02136c067c3be1', '66f2e874821e116aacb2c0af', '66f2ef20821e116aacb2c278', '66f2982b821e116aacb29c66', '66f3f46f821e116aacb2ff5d', '66f7f382bb02136c067c3a6c', '66f2a255821e116aacb2a20b']"
unsloth/Qwen3.5-9B-GGUF,Q8_0,q8_0,q8_0,131072,100,86,14,0,27,0.314,0.3667,0.2857,"{""Multi-Document QA"": 0.3478, ""Single-Document QA"": 0.3636, ""Long-dialogue History Understanding"": 0.5, ""Code Repository Understanding"": 0.0, ""Long In-context Learning"": 0.25, ""Long Structured Data Understanding"": 0.0}",10.3619,11735.71,72275.0,1.6122627258300781,9.9367,11538.0,11562.0,,1012.08,"['66f3c1c3821e116aacb2eaf6', '66eefe85821e116aacb228dc', '66ebde0f5a08c7b9b35e1256', '671b1480bb02136c067d4f14', '66ed0cb0821e116aacb1e6c1', '66f67c18bb02136c067c21b8', '66ebdadd5a08c7b9b35e0e5b', '6704a442bb02136c067cdd91', '66f3ad93821e116aacb2e29f', '66f9625fbb02136c067c5456', '66f39ac5821e116aacb2da81', '66fa6867bb02136c067c6b3b', '66ec3a46821e116aacb1c49f', '66ebd5125a08c7b9b35e0616', '66fe8eb3bb02136c067ca35f', '66fcf36fbb02136c067c919e', '671b3fa1bb02136c067d5353', '66f41348821e116aacb30c89', '66ebe68d5a08c7b9b35e190b', '66f91f2cbb02136c067c4b1e', '66ebc95f5a08c7b9b35df497', '66ed1556821e116aacb1ea14', '66faac15bb02136c067c73f3', '66f284ff821e116aacb29763', '66f37635821e116aacb2d017', '6703a0ecbb02136c067cd11b', '66fab090bb02136c067c74e7', '66eae4de5a08c7b9b35dd12d', '66f8d84cbb02136c067c465f', '66f59d31821e116aacb340f6', '66fcf2f2bb02136c067c9169', '66fb6d71bb02136c067c7c34', '66eecc45821e116aacb225c3', '671b08c8bb02136c067d4e19', '66ebd49a5a08c7b9b35e0550', '66ec3aff821e116aacb1c52e', '6725db01bb02136c067d847f', '6719167dbb02136c067d4025', '66f3cca6821e116aacb2ef7c', '66f19f04821e116aacb27bab', '670493d4bb02136c067cdcd9', '66f2c44e821e116aacb2b826', '66f50109821e116aacb31f16', '66fa788abb02136c067c6d75', '6724c788bb02136c067d792d', '66f3f1a5821e116aacb2fdc7', '67246903bb02136c067d74f2', '6725d7a9bb02136c067d822d', '6724c1d4bb02136c067d77ec', '66f8d4b3bb02136c067c45c2', '670397b5bb02136c067ccec6', '66ebdfb65a08c7b9b35e140a', '66f52d48821e116aacb32cf4', '66f8c783bb02136c067c44b8', '6719ef50bb02136c067d4911', '66efaf70821e116aacb234bd', '66fa700bbb02136c067c6c06', '67189156bb02136c067d3b8d', '66f17aab821e116aacb2772d', '6725dcb2bb02136c067d85b7', '66ecfdbd821e116aacb1e3f7', '67286036bb02136c067d9092', '67192057bb02136c067d41b4', '66fa8ccdbb02136c067c6fa7', '66f4ce9e821e116aacb31731', '66ece28e821e116aacb1db1f', '66f2a80d821e116aacb2a760', '6725d977bb02136c067d8373', '66f7f963bb02136c067c3be1', '6725dc6abb02136c067d8586', '670fb8dfbb02136c067d2c48', '66f28ede821e116aacb29a27', '66fc05b6bb02136c067c88e4', '67286634bb02136c067d91f0', '66fe81dcbb02136c067ca2de', '66f2e874821e116aacb2c0af', '66ec31eb821e116aacb1bf28', '66ed211f821e116aacb1ee0d', '66ec2df6821e116aacb1bb7b', '66f97d7fbb02136c067c56b2', '66f535c5821e116aacb33168', '66f2ef20821e116aacb2c278', '670cf1c0bb02136c067d26e5', '672468b1bb02136c067d74bd', '67246a00bb02136c067d759f', '66f590fa821e116aacb33f35', '671b5d49bb02136c067d55fb', '6723a1ccbb02136c067d70b3', '66f2982b821e116aacb29c66', '66f3f46f821e116aacb2ff5d', '66f5605a821e116aacb3381f', '66f55828821e116aacb3363e', '66f7f382bb02136c067c3a6c', '66fa3843bb02136c067c655d', '66f2a255821e116aacb2a20b', '66fcfb1cbb02136c067c938b', '66fcf53fbb02136c067c91e7', '66f1dac1821e116aacb27df1', '66fcf80dbb02136c067c928e', '66f40c5e821e116aacb30ad2']",42,"skipped: ['66f50109821e116aacb31f16', '6724c788bb02136c067d792d', '66f3f1a5821e116aacb2fdc7', '6724c1d4bb02136c067d77ec', '67286036bb02136c067d9092', '66fa8ccdbb02136c067c6fa7', '66f2a80d821e116aacb2a760', '66f7f963bb02136c067c3be1', '66f2e874821e116aacb2c0af', '66f2ef20821e116aacb2c278', '66f2982b821e116aacb29c66', '66f3f46f821e116aacb2ff5d', '66f7f382bb02136c067c3a6c', '66f2a255821e116aacb2a20b']"
unsloth/Qwen3.5-9B-GGUF,Q8_0,turbo4,q8_0,131072,100,86,14,0,30,0.3488,0.4,0.3214,"{""Multi-Document QA"": 0.3478, ""Single-Document QA"": 0.3333, ""Long-dialogue History Understanding"": 0.75, ""Code Repository Understanding"": 0.2222, ""Long In-context Learning"": 0.25, ""Long Structured Data Understanding"": 0.0}",10.3478,11721.95,72275.0,1.6139755249023438,10.0877,11148.0,11172.0,,1023.9,"['66f3c1c3821e116aacb2eaf6', '66eefe85821e116aacb228dc', '66ebde0f5a08c7b9b35e1256', '671b1480bb02136c067d4f14', '66ed0cb0821e116aacb1e6c1', '66f67c18bb02136c067c21b8', '66ebdadd5a08c7b9b35e0e5b', '6704a442bb02136c067cdd91', '66f3ad93821e116aacb2e29f', '66f9625fbb02136c067c5456', '66f39ac5821e116aacb2da81', '66fa6867bb02136c067c6b3b', '66ec3a46821e116aacb1c49f', '66ebd5125a08c7b9b35e0616', '66fe8eb3bb02136c067ca35f', '66fcf36fbb02136c067c919e', '671b3fa1bb02136c067d5353', '66f41348821e116aacb30c89', '66ebe68d5a08c7b9b35e190b', '66f91f2cbb02136c067c4b1e', '66ebc95f5a08c7b9b35df497', '66ed1556821e116aacb1ea14', '66faac15bb02136c067c73f3', '66f284ff821e116aacb29763', '66f37635821e116aacb2d017', '6703a0ecbb02136c067cd11b', '66fab090bb02136c067c74e7', '66eae4de5a08c7b9b35dd12d', '66f8d84cbb02136c067c465f', '66f59d31821e116aacb340f6', '66fcf2f2bb02136c067c9169', '66fb6d71bb02136c067c7c34', '66eecc45821e116aacb225c3', '671b08c8bb02136c067d4e19', '66ebd49a5a08c7b9b35e0550', '66ec3aff821e116aacb1c52e', '6725db01bb02136c067d847f', '6719167dbb02136c067d4025', '66f3cca6821e116aacb2ef7c', '66f19f04821e116aacb27bab', '670493d4bb02136c067cdcd9', '66f2c44e821e116aacb2b826', '66f50109821e116aacb31f16', '66fa788abb02136c067c6d75', '6724c788bb02136c067d792d', '66f3f1a5821e116aacb2fdc7', '67246903bb02136c067d74f2', '6725d7a9bb02136c067d822d', '6724c1d4bb02136c067d77ec', '66f8d4b3bb02136c067c45c2', '670397b5bb02136c067ccec6', '66ebdfb65a08c7b9b35e140a', '66f52d48821e116aacb32cf4', '66f8c783bb02136c067c44b8', '6719ef50bb02136c067d4911', '66efaf70821e116aacb234bd', '66fa700bbb02136c067c6c06', '67189156bb02136c067d3b8d', '66f17aab821e116aacb2772d', '6725dcb2bb02136c067d85b7', '66ecfdbd821e116aacb1e3f7', '67286036bb02136c067d9092', '67192057bb02136c067d41b4', '66fa8ccdbb02136c067c6fa7', '66f4ce9e821e116aacb31731', '66ece28e821e116aacb1db1f', '66f2a80d821e116aacb2a760', '6725d977bb02136c067d8373', '66f7f963bb02136c067c3be1', '6725dc6abb02136c067d8586', '670fb8dfbb02136c067d2c48', '66f28ede821e116aacb29a27', '66fc05b6bb02136c067c88e4', '67286634bb02136c067d91f0', '66fe81dcbb02136c067ca2de', '66f2e874821e116aacb2c0af', '66ec31eb821e116aacb1bf28', '66ed211f821e116aacb1ee0d', '66ec2df6821e116aacb1bb7b', '66f97d7fbb02136c067c56b2', '66f535c5821e116aacb33168', '66f2ef20821e116aacb2c278', '670cf1c0bb02136c067d26e5', '672468b1bb02136c067d74bd', '67246a00bb02136c067d759f', '66f590fa821e116aacb33f35', '671b5d49bb02136c067d55fb', '6723a1ccbb02136c067d70b3', '66f2982b821e116aacb29c66', '66f3f46f821e116aacb2ff5d', '66f5605a821e116aacb3381f', '66f55828821e116aacb3363e', '66f7f382bb02136c067c3a6c', '66fa3843bb02136c067c655d', '66f2a255821e116aacb2a20b', '66fcfb1cbb02136c067c938b', '66fcf53fbb02136c067c91e7', '66f1dac1821e116aacb27df1', '66fcf80dbb02136c067c928e', '66f40c5e821e116aacb30ad2']",42,"skipped: ['66f50109821e116aacb31f16', '6724c788bb02136c067d792d', '66f3f1a5821e116aacb2fdc7', '6724c1d4bb02136c067d77ec', '67286036bb02136c067d9092', '66fa8ccdbb02136c067c6fa7', '66f2a80d821e116aacb2a760', '66f7f963bb02136c067c3be1', '66f2e874821e116aacb2c0af', '66f2ef20821e116aacb2c278', '66f2982b821e116aacb29c66', '66f3f46f821e116aacb2ff5d', '66f7f382bb02136c067c3a6c', '66f2a255821e116aacb2a20b']"
unsloth/Qwen3.5-9B-GGUF,Q8_0,turbo4,turbo4,131072,100,86,14,0,31,0.3605,0.4667,0.3036,"{""Multi-Document QA"": 0.3043, ""Single-Document QA"": 0.4242, ""Long-dialogue History Understanding"": 0.75, ""Code Repository Understanding"": 0.1111, ""Long In-context Learning"": 0.25, ""Long Structured Data Understanding"": 0.0}",10.3227,11740.93,72275.0,1.6224365234375,10.0679,10354.0,10436.0,,999.95,"['66f3c1c3821e116aacb2eaf6', '66eefe85821e116aacb228dc', '66ebde0f5a08c7b9b35e1256', '671b1480bb02136c067d4f14', '66ed0cb0821e116aacb1e6c1', '66f67c18bb02136c067c21b8', '66ebdadd5a08c7b9b35e0e5b', '6704a442bb02136c067cdd91', '66f3ad93821e116aacb2e29f', '66f9625fbb02136c067c5456', '66f39ac5821e116aacb2da81', '66fa6867bb02136c067c6b3b', '66ec3a46821e116aacb1c49f', '66ebd5125a08c7b9b35e0616', '66fe8eb3bb02136c067ca35f', '66fcf36fbb02136c067c919e', '671b3fa1bb02136c067d5353', '66f41348821e116aacb30c89', '66ebe68d5a08c7b9b35e190b', '66f91f2cbb02136c067c4b1e', '66ebc95f5a08c7b9b35df497', '66ed1556821e116aacb1ea14', '66faac15bb02136c067c73f3', '66f284ff821e116aacb29763', '66f37635821e116aacb2d017', '6703a0ecbb02136c067cd11b', '66fab090bb02136c067c74e7', '66eae4de5a08c7b9b35dd12d', '66f8d84cbb02136c067c465f', '66f59d31821e116aacb340f6', '66fcf2f2bb02136c067c9169', '66fb6d71bb02136c067c7c34', '66eecc45821e116aacb225c3', '671b08c8bb02136c067d4e19', '66ebd49a5a08c7b9b35e0550', '66ec3aff821e116aacb1c52e', '6725db01bb02136c067d847f', '6719167dbb02136c067d4025', '66f3cca6821e116aacb2ef7c', '66f19f04821e116aacb27bab', '670493d4bb02136c067cdcd9', '66f2c44e821e116aacb2b826', '66f50109821e116aacb31f16', '66fa788abb02136c067c6d75', '6724c788bb02136c067d792d', '66f3f1a5821e116aacb2fdc7', '67246903bb02136c067d74f2', '6725d7a9bb02136c067d822d', '6724c1d4bb02136c067d77ec', '66f8d4b3bb02136c067c45c2', '670397b5bb02136c067ccec6', '66ebdfb65a08c7b9b35e140a', '66f52d48821e116aacb32cf4', '66f8c783bb02136c067c44b8', '6719ef50bb02136c067d4911', '66efaf70821e116aacb234bd', '66fa700bbb02136c067c6c06', '67189156bb02136c067d3b8d', '66f17aab821e116aacb2772d', '6725dcb2bb02136c067d85b7', '66ecfdbd821e116aacb1e3f7', '67286036bb02136c067d9092', '67192057bb02136c067d41b4', '66fa8ccdbb02136c067c6fa7', '66f4ce9e821e116aacb31731', '66ece28e821e116aacb1db1f', '66f2a80d821e116aacb2a760', '6725d977bb02136c067d8373', '66f7f963bb02136c067c3be1', '6725dc6abb02136c067d8586', '670fb8dfbb02136c067d2c48', '66f28ede821e116aacb29a27', '66fc05b6bb02136c067c88e4', '67286634bb02136c067d91f0', '66fe81dcbb02136c067ca2de', '66f2e874821e116aacb2c0af', '66ec31eb821e116aacb1bf28', '66ed211f821e116aacb1ee0d', '66ec2df6821e116aacb1bb7b', '66f97d7fbb02136c067c56b2', '66f535c5821e116aacb33168', '66f2ef20821e116aacb2c278', '670cf1c0bb02136c067d26e5', '672468b1bb02136c067d74bd', '67246a00bb02136c067d759f', '66f590fa821e116aacb33f35', '671b5d49bb02136c067d55fb', '6723a1ccbb02136c067d70b3', '66f2982b821e116aacb29c66', '66f3f46f821e116aacb2ff5d', '66f5605a821e116aacb3381f', '66f55828821e116aacb3363e', '66f7f382bb02136c067c3a6c', '66fa3843bb02136c067c655d', '66f2a255821e116aacb2a20b', '66fcfb1cbb02136c067c938b', '66fcf53fbb02136c067c91e7', '66f1dac1821e116aacb27df1', '66fcf80dbb02136c067c928e', '66f40c5e821e116aacb30ad2']",42,"skipped: ['66f50109821e116aacb31f16', '6724c788bb02136c067d792d', '66f3f1a5821e116aacb2fdc7', '6724c1d4bb02136c067d77ec', '67286036bb02136c067d9092', '66fa8ccdbb02136c067c6fa7', '66f2a80d821e116aacb2a760', '66f7f963bb02136c067c3be1', '66f2e874821e116aacb2c0af', '66f2ef20821e116aacb2c278', '66f2982b821e116aacb29c66', '66f3f46f821e116aacb2ff5d', '66f7f382bb02136c067c3a6c', '66f2a255821e116aacb2a20b']"
unsloth/gemma-4-E4B-it-GGUF,Q8_0,f16,f16,131072,100,83,17,0,23,0.2771,0.2,0.3208,"{""Multi-Document QA"": 0.2174, ""Single-Document QA"": 0.3636, ""Long-dialogue History Understanding"": 0.125, ""Code Repository Understanding"": 0.3333, ""Long In-context Learning"": 0.25, ""Long Structured Data Understanding"": 0.0}",7.8154,191.35,72549.0,4.1358489990234375,13.016,7842.0,7936.0,,704.73,"['66f3c1c3821e116aacb2eaf6', '66eefe85821e116aacb228dc', '66ebde0f5a08c7b9b35e1256', '671b1480bb02136c067d4f14', '66ed0cb0821e116aacb1e6c1', '66f67c18bb02136c067c21b8', '66ebdadd5a08c7b9b35e0e5b', '6704a442bb02136c067cdd91', '66f3ad93821e116aacb2e29f', '66f9625fbb02136c067c5456', '66f39ac5821e116aacb2da81', '66fa6867bb02136c067c6b3b', '66ec3a46821e116aacb1c49f', '66ebd5125a08c7b9b35e0616', '66fe8eb3bb02136c067ca35f', '66fcf36fbb02136c067c919e', '671b3fa1bb02136c067d5353', '66f41348821e116aacb30c89', '66ebe68d5a08c7b9b35e190b', '66f91f2cbb02136c067c4b1e', '66ebc95f5a08c7b9b35df497', '66ed1556821e116aacb1ea14', '66faac15bb02136c067c73f3', '66f284ff821e116aacb29763', '66f37635821e116aacb2d017', '6703a0ecbb02136c067cd11b', '66fab090bb02136c067c74e7', '66eae4de5a08c7b9b35dd12d', '66f8d84cbb02136c067c465f', '66f59d31821e116aacb340f6', '66fcf2f2bb02136c067c9169', '66fb6d71bb02136c067c7c34', '66eecc45821e116aacb225c3', '671b08c8bb02136c067d4e19', '66ebd49a5a08c7b9b35e0550', '66ec3aff821e116aacb1c52e', '6725db01bb02136c067d847f', '6719167dbb02136c067d4025', '66f3cca6821e116aacb2ef7c', '66f19f04821e116aacb27bab', '670493d4bb02136c067cdcd9', '66f2c44e821e116aacb2b826', '66f50109821e116aacb31f16', '66fa788abb02136c067c6d75', '6724c788bb02136c067d792d', '66f3f1a5821e116aacb2fdc7', '67246903bb02136c067d74f2', '6725d7a9bb02136c067d822d', '6724c1d4bb02136c067d77ec', '66f8d4b3bb02136c067c45c2', '670397b5bb02136c067ccec6', '66ebdfb65a08c7b9b35e140a', '66f52d48821e116aacb32cf4', '66f8c783bb02136c067c44b8', '6719ef50bb02136c067d4911', '66efaf70821e116aacb234bd', '66fa700bbb02136c067c6c06', '67189156bb02136c067d3b8d', '66f17aab821e116aacb2772d', '6725dcb2bb02136c067d85b7', '66ecfdbd821e116aacb1e3f7', '67286036bb02136c067d9092', '67192057bb02136c067d41b4', '66fa8ccdbb02136c067c6fa7', '66f4ce9e821e116aacb31731', '66ece28e821e116aacb1db1f', '66f2a80d821e116aacb2a760', '6725d977bb02136c067d8373', '66f7f963bb02136c067c3be1', '6725dc6abb02136c067d8586', '670fb8dfbb02136c067d2c48', '66f28ede821e116aacb29a27', '66fc05b6bb02136c067c88e4', '67286634bb02136c067d91f0', '66fe81dcbb02136c067ca2de', '66f2e874821e116aacb2c0af', '66ec31eb821e116aacb1bf28', '66ed211f821e116aacb1ee0d', '66ec2df6821e116aacb1bb7b', '66f97d7fbb02136c067c56b2', '66f535c5821e116aacb33168', '66f2ef20821e116aacb2c278', '670cf1c0bb02136c067d26e5', '672468b1bb02136c067d74bd', '67246a00bb02136c067d759f', '66f590fa821e116aacb33f35', '671b5d49bb02136c067d55fb', '6723a1ccbb02136c067d70b3', '66f2982b821e116aacb29c66', '66f3f46f821e116aacb2ff5d', '66f5605a821e116aacb3381f', '66f55828821e116aacb3363e', '66f7f382bb02136c067c3a6c', '66fa3843bb02136c067c655d', '66f2a255821e116aacb2a20b', '66fcfb1cbb02136c067c938b', '66fcf53fbb02136c067c91e7', '66f1dac1821e116aacb27df1', '66fcf80dbb02136c067c928e', '66f40c5e821e116aacb30ad2']",42,"skipped: ['66f50109821e116aacb31f16', '66fa788abb02136c067c6d75', '6724c788bb02136c067d792d', '66f3f1a5821e116aacb2fdc7', '6724c1d4bb02136c067d77ec', '67286036bb02136c067d9092', '66fa8ccdbb02136c067c6fa7', '66f2a80d821e116aacb2a760', '66f7f963bb02136c067c3be1', '66f2e874821e116aacb2c0af', '66f2ef20821e116aacb2c278', '66f2982b821e116aacb29c66', '66f3f46f821e116aacb2ff5d', '66f7f382bb02136c067c3a6c', '66fa3843bb02136c067c655d', '66f2a255821e116aacb2a20b', '66f40c5e821e116aacb30ad2']"
unsloth/gemma-4-E4B-it-GGUF,Q8_0,q8_0,q8_0,131072,100,83,17,0,23,0.2771,0.2,0.3208,"{""Multi-Document QA"": 0.2174, ""Single-Document QA"": 0.3636, ""Long-dialogue History Understanding"": 0.125, ""Code Repository Understanding"": 0.3333, ""Long In-context Learning"": 0.25, ""Long Structured Data Understanding"": 0.0}",7.8806,146.71,72549.0,4.131591796875,12.9414,7334.0,7428.0,,719.36,"['66f3c1c3821e116aacb2eaf6', '66eefe85821e116aacb228dc', '66ebde0f5a08c7b9b35e1256', '671b1480bb02136c067d4f14', '66ed0cb0821e116aacb1e6c1', '66f67c18bb02136c067c21b8', '66ebdadd5a08c7b9b35e0e5b', '6704a442bb02136c067cdd91', '66f3ad93821e116aacb2e29f', '66f9625fbb02136c067c5456', '66f39ac5821e116aacb2da81', '66fa6867bb02136c067c6b3b', '66ec3a46821e116aacb1c49f', '66ebd5125a08c7b9b35e0616', '66fe8eb3bb02136c067ca35f', '66fcf36fbb02136c067c919e', '671b3fa1bb02136c067d5353', '66f41348821e116aacb30c89', '66ebe68d5a08c7b9b35e190b', '66f91f2cbb02136c067c4b1e', '66ebc95f5a08c7b9b35df497', '66ed1556821e116aacb1ea14', '66faac15bb02136c067c73f3', '66f284ff821e116aacb29763', '66f37635821e116aacb2d017', '6703a0ecbb02136c067cd11b', '66fab090bb02136c067c74e7', '66eae4de5a08c7b9b35dd12d', '66f8d84cbb02136c067c465f', '66f59d31821e116aacb340f6', '66fcf2f2bb02136c067c9169', '66fb6d71bb02136c067c7c34', '66eecc45821e116aacb225c3', '671b08c8bb02136c067d4e19', '66ebd49a5a08c7b9b35e0550', '66ec3aff821e116aacb1c52e', '6725db01bb02136c067d847f', '6719167dbb02136c067d4025', '66f3cca6821e116aacb2ef7c', '66f19f04821e116aacb27bab', '670493d4bb02136c067cdcd9', '66f2c44e821e116aacb2b826', '66f50109821e116aacb31f16', '66fa788abb02136c067c6d75', '6724c788bb02136c067d792d', '66f3f1a5821e116aacb2fdc7', '67246903bb02136c067d74f2', '6725d7a9bb02136c067d822d', '6724c1d4bb02136c067d77ec', '66f8d4b3bb02136c067c45c2', '670397b5bb02136c067ccec6', '66ebdfb65a08c7b9b35e140a', '66f52d48821e116aacb32cf4', '66f8c783bb02136c067c44b8', '6719ef50bb02136c067d4911', '66efaf70821e116aacb234bd', '66fa700bbb02136c067c6c06', '67189156bb02136c067d3b8d', '66f17aab821e116aacb2772d', '6725dcb2bb02136c067d85b7', '66ecfdbd821e116aacb1e3f7', '67286036bb02136c067d9092', '67192057bb02136c067d41b4', '66fa8ccdbb02136c067c6fa7', '66f4ce9e821e116aacb31731', '66ece28e821e116aacb1db1f', '66f2a80d821e116aacb2a760', '6725d977bb02136c067d8373', '66f7f963bb02136c067c3be1', '6725dc6abb02136c067d8586', '670fb8dfbb02136c067d2c48', '66f28ede821e116aacb29a27', '66fc05b6bb02136c067c88e4', '67286634bb02136c067d91f0', '66fe81dcbb02136c067ca2de', '66f2e874821e116aacb2c0af', '66ec31eb821e116aacb1bf28', '66ed211f821e116aacb1ee0d', '66ec2df6821e116aacb1bb7b', '66f97d7fbb02136c067c56b2', '66f535c5821e116aacb33168', '66f2ef20821e116aacb2c278', '670cf1c0bb02136c067d26e5', '672468b1bb02136c067d74bd', '67246a00bb02136c067d759f', '66f590fa821e116aacb33f35', '671b5d49bb02136c067d55fb', '6723a1ccbb02136c067d70b3', '66f2982b821e116aacb29c66', '66f3f46f821e116aacb2ff5d', '66f5605a821e116aacb3381f', '66f55828821e116aacb3363e', '66f7f382bb02136c067c3a6c', '66fa3843bb02136c067c655d', '66f2a255821e116aacb2a20b', '66fcfb1cbb02136c067c938b', '66fcf53fbb02136c067c91e7', '66f1dac1821e116aacb27df1', '66fcf80dbb02136c067c928e', '66f40c5e821e116aacb30ad2']",42,"skipped: ['66f50109821e116aacb31f16', '66fa788abb02136c067c6d75', '6724c788bb02136c067d792d', '66f3f1a5821e116aacb2fdc7', '6724c1d4bb02136c067d77ec', '67286036bb02136c067d9092', '66fa8ccdbb02136c067c6fa7', '66f2a80d821e116aacb2a760', '66f7f963bb02136c067c3be1', '66f2e874821e116aacb2c0af', '66f2ef20821e116aacb2c278', '66f2982b821e116aacb29c66', '66f3f46f821e116aacb2ff5d', '66f7f382bb02136c067c3a6c', '66fa3843bb02136c067c655d', '66f2a255821e116aacb2a20b', '66f40c5e821e116aacb30ad2']"
unsloth/gemma-4-E4B-it-GGUF,Q8_0,turbo4,q8_0,131072,100,83,17,0,22,0.2651,0.2,0.3019,"{""Multi-Document QA"": 0.1739, ""Single-Document QA"": 0.3636, ""Long-dialogue History Understanding"": 0.125, ""Code Repository Understanding"": 0.3333, ""Long In-context Learning"": 0.25, ""Long Structured Data Understanding"": 0.0}",7.9664,127.87,72549.0,4.133541107177734,13.0849,7226.0,7320.0,,734.14,"['66f3c1c3821e116aacb2eaf6', '66eefe85821e116aacb228dc', '66ebde0f5a08c7b9b35e1256', '671b1480bb02136c067d4f14', '66ed0cb0821e116aacb1e6c1', '66f67c18bb02136c067c21b8', '66ebdadd5a08c7b9b35e0e5b', '6704a442bb02136c067cdd91', '66f3ad93821e116aacb2e29f', '66f9625fbb02136c067c5456', '66f39ac5821e116aacb2da81', '66fa6867bb02136c067c6b3b', '66ec3a46821e116aacb1c49f', '66ebd5125a08c7b9b35e0616', '66fe8eb3bb02136c067ca35f', '66fcf36fbb02136c067c919e', '671b3fa1bb02136c067d5353', '66f41348821e116aacb30c89', '66ebe68d5a08c7b9b35e190b', '66f91f2cbb02136c067c4b1e', '66ebc95f5a08c7b9b35df497', '66ed1556821e116aacb1ea14', '66faac15bb02136c067c73f3', '66f284ff821e116aacb29763', '66f37635821e116aacb2d017', '6703a0ecbb02136c067cd11b', '66fab090bb02136c067c74e7', '66eae4de5a08c7b9b35dd12d', '66f8d84cbb02136c067c465f', '66f59d31821e116aacb340f6', '66fcf2f2bb02136c067c9169', '66fb6d71bb02136c067c7c34', '66eecc45821e116aacb225c3', '671b08c8bb02136c067d4e19', '66ebd49a5a08c7b9b35e0550', '66ec3aff821e116aacb1c52e', '6725db01bb02136c067d847f', '6719167dbb02136c067d4025', '66f3cca6821e116aacb2ef7c', '66f19f04821e116aacb27bab', '670493d4bb02136c067cdcd9', '66f2c44e821e116aacb2b826', '66f50109821e116aacb31f16', '66fa788abb02136c067c6d75', '6724c788bb02136c067d792d', '66f3f1a5821e116aacb2fdc7', '67246903bb02136c067d74f2', '6725d7a9bb02136c067d822d', '6724c1d4bb02136c067d77ec', '66f8d4b3bb02136c067c45c2', '670397b5bb02136c067ccec6', '66ebdfb65a08c7b9b35e140a', '66f52d48821e116aacb32cf4', '66f8c783bb02136c067c44b8', '6719ef50bb02136c067d4911', '66efaf70821e116aacb234bd', '66fa700bbb02136c067c6c06', '67189156bb02136c067d3b8d', '66f17aab821e116aacb2772d', '6725dcb2bb02136c067d85b7', '66ecfdbd821e116aacb1e3f7', '67286036bb02136c067d9092', '67192057bb02136c067d41b4', '66fa8ccdbb02136c067c6fa7', '66f4ce9e821e116aacb31731', '66ece28e821e116aacb1db1f', '66f2a80d821e116aacb2a760', '6725d977bb02136c067d8373', '66f7f963bb02136c067c3be1', '6725dc6abb02136c067d8586', '670fb8dfbb02136c067d2c48', '66f28ede821e116aacb29a27', '66fc05b6bb02136c067c88e4', '67286634bb02136c067d91f0', '66fe81dcbb02136c067ca2de', '66f2e874821e116aacb2c0af', '66ec31eb821e116aacb1bf28', '66ed211f821e116aacb1ee0d', '66ec2df6821e116aacb1bb7b', '66f97d7fbb02136c067c56b2', '66f535c5821e116aacb33168', '66f2ef20821e116aacb2c278', '670cf1c0bb02136c067d26e5', '672468b1bb02136c067d74bd', '67246a00bb02136c067d759f', '66f590fa821e116aacb33f35', '671b5d49bb02136c067d55fb', '6723a1ccbb02136c067d70b3', '66f2982b821e116aacb29c66', '66f3f46f821e116aacb2ff5d', '66f5605a821e116aacb3381f', '66f55828821e116aacb3363e', '66f7f382bb02136c067c3a6c', '66fa3843bb02136c067c655d', '66f2a255821e116aacb2a20b', '66fcfb1cbb02136c067c938b', '66fcf53fbb02136c067c91e7', '66f1dac1821e116aacb27df1', '66fcf80dbb02136c067c928e', '66f40c5e821e116aacb30ad2']",42,"skipped: ['66f50109821e116aacb31f16', '66fa788abb02136c067c6d75', '6724c788bb02136c067d792d', '66f3f1a5821e116aacb2fdc7', '6724c1d4bb02136c067d77ec', '67286036bb02136c067d9092', '66fa8ccdbb02136c067c6fa7', '66f2a80d821e116aacb2a760', '66f7f963bb02136c067c3be1', '66f2e874821e116aacb2c0af', '66f2ef20821e116aacb2c278', '66f2982b821e116aacb29c66', '66f3f46f821e116aacb2ff5d', '66f7f382bb02136c067c3a6c', '66fa3843bb02136c067c655d', '66f2a255821e116aacb2a20b', '66f40c5e821e116aacb30ad2']"
unsloth/gemma-4-E4B-it-GGUF,Q8_0,turbo4,turbo4,131072,100,83,17,0,24,0.2892,0.2333,0.3208,"{""Multi-Document QA"": 0.2609, ""Single-Document QA"": 0.3636, ""Long-dialogue History Understanding"": 0.25, ""Code Repository Understanding"": 0.1667, ""Long In-context Learning"": 0.25, ""Long Structured Data Understanding"": 0.0}",8.052,123.22,72549.0,4.144100189208984,13.1425,6776.0,6870.0,,743.89,"['66f3c1c3821e116aacb2eaf6', '66eefe85821e116aacb228dc', '66ebde0f5a08c7b9b35e1256', '671b1480bb02136c067d4f14', '66ed0cb0821e116aacb1e6c1', '66f67c18bb02136c067c21b8', '66ebdadd5a08c7b9b35e0e5b', '6704a442bb02136c067cdd91', '66f3ad93821e116aacb2e29f', '66f9625fbb02136c067c5456', '66f39ac5821e116aacb2da81', '66fa6867bb02136c067c6b3b', '66ec3a46821e116aacb1c49f', '66ebd5125a08c7b9b35e0616', '66fe8eb3bb02136c067ca35f', '66fcf36fbb02136c067c919e', '671b3fa1bb02136c067d5353', '66f41348821e116aacb30c89', '66ebe68d5a08c7b9b35e190b', '66f91f2cbb02136c067c4b1e', '66ebc95f5a08c7b9b35df497', '66ed1556821e116aacb1ea14', '66faac15bb02136c067c73f3', '66f284ff821e116aacb29763', '66f37635821e116aacb2d017', '6703a0ecbb02136c067cd11b', '66fab090bb02136c067c74e7', '66eae4de5a08c7b9b35dd12d', '66f8d84cbb02136c067c465f', '66f59d31821e116aacb340f6', '66fcf2f2bb02136c067c9169', '66fb6d71bb02136c067c7c34', '66eecc45821e116aacb225c3', '671b08c8bb02136c067d4e19', '66ebd49a5a08c7b9b35e0550', '66ec3aff821e116aacb1c52e', '6725db01bb02136c067d847f', '6719167dbb02136c067d4025', '66f3cca6821e116aacb2ef7c', '66f19f04821e116aacb27bab', '670493d4bb02136c067cdcd9', '66f2c44e821e116aacb2b826', '66f50109821e116aacb31f16', '66fa788abb02136c067c6d75', '6724c788bb02136c067d792d', '66f3f1a5821e116aacb2fdc7', '67246903bb02136c067d74f2', '6725d7a9bb02136c067d822d', '6724c1d4bb02136c067d77ec', '66f8d4b3bb02136c067c45c2', '670397b5bb02136c067ccec6', '66ebdfb65a08c7b9b35e140a', '66f52d48821e116aacb32cf4', '66f8c783bb02136c067c44b8', '6719ef50bb02136c067d4911', '66efaf70821e116aacb234bd', '66fa700bbb02136c067c6c06', '67189156bb02136c067d3b8d', '66f17aab821e116aacb2772d', '6725dcb2bb02136c067d85b7', '66ecfdbd821e116aacb1e3f7', '67286036bb02136c067d9092', '67192057bb02136c067d41b4', '66fa8ccdbb02136c067c6fa7', '66f4ce9e821e116aacb31731', '66ece28e821e116aacb1db1f', '66f2a80d821e116aacb2a760', '6725d977bb02136c067d8373', '66f7f963bb02136c067c3be1', '6725dc6abb02136c067d8586', '670fb8dfbb02136c067d2c48', '66f28ede821e116aacb29a27', '66fc05b6bb02136c067c88e4', '67286634bb02136c067d91f0', '66fe81dcbb02136c067ca2de', '66f2e874821e116aacb2c0af', '66ec31eb821e116aacb1bf28', '66ed211f821e116aacb1ee0d', '66ec2df6821e116aacb1bb7b', '66f97d7fbb02136c067c56b2', '66f535c5821e116aacb33168', '66f2ef20821e116aacb2c278', '670cf1c0bb02136c067d26e5', '672468b1bb02136c067d74bd', '67246a00bb02136c067d759f', '66f590fa821e116aacb33f35', '671b5d49bb02136c067d55fb', '6723a1ccbb02136c067d70b3', '66f2982b821e116aacb29c66', '66f3f46f821e116aacb2ff5d', '66f5605a821e116aacb3381f', '66f55828821e116aacb3363e', '66f7f382bb02136c067c3a6c', '66fa3843bb02136c067c655d', '66f2a255821e116aacb2a20b', '66fcfb1cbb02136c067c938b', '66fcf53fbb02136c067c91e7', '66f1dac1821e116aacb27df1', '66fcf80dbb02136c067c928e', '66f40c5e821e116aacb30ad2']",42,"skipped: ['66f50109821e116aacb31f16', '66fa788abb02136c067c6d75', '6724c788bb02136c067d792d', '66f3f1a5821e116aacb2fdc7', '6724c1d4bb02136c067d77ec', '67286036bb02136c067d9092', '66fa8ccdbb02136c067c6fa7', '66f2a80d821e116aacb2a760', '66f7f963bb02136c067c3be1', '66f2e874821e116aacb2c0af', '66f2ef20821e116aacb2c278', '66f2982b821e116aacb29c66', '66f3f46f821e116aacb2ff5d', '66f7f382bb02136c067c3a6c', '66fa3843bb02136c067c655d', '66f2a255821e116aacb2a20b', '66f40c5e821e116aacb30ad2']"
unsloth/gemma-4-E2B-it-GGUF,Q8_0,f16,f16,131072,100,83,17,0,25,0.3012,0.3333,0.283,"{""Multi-Document QA"": 0.2609, ""Single-Document QA"": 0.3939, ""Long-dialogue History Understanding"": 0.25, ""Code Repository Understanding"": 0.6667, ""Long In-context Learning"": 0.0, ""Long Structured Data Understanding"": 0.0}",5.3248,321.93,72549.0,3.3979148864746094,12.493,4246.0,4336.0,,471.58,"['66f3c1c3821e116aacb2eaf6', '66eefe85821e116aacb228dc', '66ebde0f5a08c7b9b35e1256', '671b1480bb02136c067d4f14', '66ed0cb0821e116aacb1e6c1', '66f67c18bb02136c067c21b8', '66ebdadd5a08c7b9b35e0e5b', '6704a442bb02136c067cdd91', '66f3ad93821e116aacb2e29f', '66f9625fbb02136c067c5456', '66f39ac5821e116aacb2da81', '66fa6867bb02136c067c6b3b', '66ec3a46821e116aacb1c49f', '66ebd5125a08c7b9b35e0616', '66fe8eb3bb02136c067ca35f', '66fcf36fbb02136c067c919e', '671b3fa1bb02136c067d5353', '66f41348821e116aacb30c89', '66ebe68d5a08c7b9b35e190b', '66f91f2cbb02136c067c4b1e', '66ebc95f5a08c7b9b35df497', '66ed1556821e116aacb1ea14', '66faac15bb02136c067c73f3', '66f284ff821e116aacb29763', '66f37635821e116aacb2d017', '6703a0ecbb02136c067cd11b', '66fab090bb02136c067c74e7', '66eae4de5a08c7b9b35dd12d', '66f8d84cbb02136c067c465f', '66f59d31821e116aacb340f6', '66fcf2f2bb02136c067c9169', '66fb6d71bb02136c067c7c34', '66eecc45821e116aacb225c3', '671b08c8bb02136c067d4e19', '66ebd49a5a08c7b9b35e0550', '66ec3aff821e116aacb1c52e', '6725db01bb02136c067d847f', '6719167dbb02136c067d4025', '66f3cca6821e116aacb2ef7c', '66f19f04821e116aacb27bab', '670493d4bb02136c067cdcd9', '66f2c44e821e116aacb2b826', '66f50109821e116aacb31f16', '66fa788abb02136c067c6d75', '6724c788bb02136c067d792d', '66f3f1a5821e116aacb2fdc7', '67246903bb02136c067d74f2', '6725d7a9bb02136c067d822d', '6724c1d4bb02136c067d77ec', '66f8d4b3bb02136c067c45c2', '670397b5bb02136c067ccec6', '66ebdfb65a08c7b9b35e140a', '66f52d48821e116aacb32cf4', '66f8c783bb02136c067c44b8', '6719ef50bb02136c067d4911', '66efaf70821e116aacb234bd', '66fa700bbb02136c067c6c06', '67189156bb02136c067d3b8d', '66f17aab821e116aacb2772d', '6725dcb2bb02136c067d85b7', '66ecfdbd821e116aacb1e3f7', '67286036bb02136c067d9092', '67192057bb02136c067d41b4', '66fa8ccdbb02136c067c6fa7', '66f4ce9e821e116aacb31731', '66ece28e821e116aacb1db1f', '66f2a80d821e116aacb2a760', '6725d977bb02136c067d8373', '66f7f963bb02136c067c3be1', '6725dc6abb02136c067d8586', '670fb8dfbb02136c067d2c48', '66f28ede821e116aacb29a27', '66fc05b6bb02136c067c88e4', '67286634bb02136c067d91f0', '66fe81dcbb02136c067ca2de', '66f2e874821e116aacb2c0af', '66ec31eb821e116aacb1bf28', '66ed211f821e116aacb1ee0d', '66ec2df6821e116aacb1bb7b', '66f97d7fbb02136c067c56b2', '66f535c5821e116aacb33168', '66f2ef20821e116aacb2c278', '670cf1c0bb02136c067d26e5', '672468b1bb02136c067d74bd', '67246a00bb02136c067d759f', '66f590fa821e116aacb33f35', '671b5d49bb02136c067d55fb', '6723a1ccbb02136c067d70b3', '66f2982b821e116aacb29c66', '66f3f46f821e116aacb2ff5d', '66f5605a821e116aacb3381f', '66f55828821e116aacb3363e', '66f7f382bb02136c067c3a6c', '66fa3843bb02136c067c655d', '66f2a255821e116aacb2a20b', '66fcfb1cbb02136c067c938b', '66fcf53fbb02136c067c91e7', '66f1dac1821e116aacb27df1', '66fcf80dbb02136c067c928e', '66f40c5e821e116aacb30ad2']",42,"skipped: ['66f50109821e116aacb31f16', '66fa788abb02136c067c6d75', '6724c788bb02136c067d792d', '66f3f1a5821e116aacb2fdc7', '6724c1d4bb02136c067d77ec', '67286036bb02136c067d9092', '66fa8ccdbb02136c067c6fa7', '66f2a80d821e116aacb2a760', '66f7f963bb02136c067c3be1', '66f2e874821e116aacb2c0af', '66f2ef20821e116aacb2c278', '66f2982b821e116aacb29c66', '66f3f46f821e116aacb2ff5d', '66f7f382bb02136c067c3a6c', '66fa3843bb02136c067c655d', '66f2a255821e116aacb2a20b', '66f40c5e821e116aacb30ad2']"
unsloth/gemma-4-E2B-it-GGUF,Q8_0,q8_0,q8_0,131072,100,83,17,0,25,0.3012,0.3333,0.283,"{""Multi-Document QA"": 0.2609, ""Single-Document QA"": 0.3939, ""Long-dialogue History Understanding"": 0.25, ""Code Repository Understanding"": 0.6667, ""Long In-context Learning"": 0.0, ""Long Structured Data Understanding"": 0.0}",5.3811,259.57,72549.0,3.3931922912597656,12.3459,4074.0,4164.0,,480.37,"['66f3c1c3821e116aacb2eaf6', '66eefe85821e116aacb228dc', '66ebde0f5a08c7b9b35e1256', '671b1480bb02136c067d4f14', '66ed0cb0821e116aacb1e6c1', '66f67c18bb02136c067c21b8', '66ebdadd5a08c7b9b35e0e5b', '6704a442bb02136c067cdd91', '66f3ad93821e116aacb2e29f', '66f9625fbb02136c067c5456', '66f39ac5821e116aacb2da81', '66fa6867bb02136c067c6b3b', '66ec3a46821e116aacb1c49f', '66ebd5125a08c7b9b35e0616', '66fe8eb3bb02136c067ca35f', '66fcf36fbb02136c067c919e', '671b3fa1bb02136c067d5353', '66f41348821e116aacb30c89', '66ebe68d5a08c7b9b35e190b', '66f91f2cbb02136c067c4b1e', '66ebc95f5a08c7b9b35df497', '66ed1556821e116aacb1ea14', '66faac15bb02136c067c73f3', '66f284ff821e116aacb29763', '66f37635821e116aacb2d017', '6703a0ecbb02136c067cd11b', '66fab090bb02136c067c74e7', '66eae4de5a08c7b9b35dd12d', '66f8d84cbb02136c067c465f', '66f59d31821e116aacb340f6', '66fcf2f2bb02136c067c9169', '66fb6d71bb02136c067c7c34', '66eecc45821e116aacb225c3', '671b08c8bb02136c067d4e19', '66ebd49a5a08c7b9b35e0550', '66ec3aff821e116aacb1c52e', '6725db01bb02136c067d847f', '6719167dbb02136c067d4025', '66f3cca6821e116aacb2ef7c', '66f19f04821e116aacb27bab', '670493d4bb02136c067cdcd9', '66f2c44e821e116aacb2b826', '66f50109821e116aacb31f16', '66fa788abb02136c067c6d75', '6724c788bb02136c067d792d', '66f3f1a5821e116aacb2fdc7', '67246903bb02136c067d74f2', '6725d7a9bb02136c067d822d', '6724c1d4bb02136c067d77ec', '66f8d4b3bb02136c067c45c2', '670397b5bb02136c067ccec6', '66ebdfb65a08c7b9b35e140a', '66f52d48821e116aacb32cf4', '66f8c783bb02136c067c44b8', '6719ef50bb02136c067d4911', '66efaf70821e116aacb234bd', '66fa700bbb02136c067c6c06', '67189156bb02136c067d3b8d', '66f17aab821e116aacb2772d', '6725dcb2bb02136c067d85b7', '66ecfdbd821e116aacb1e3f7', '67286036bb02136c067d9092', '67192057bb02136c067d41b4', '66fa8ccdbb02136c067c6fa7', '66f4ce9e821e116aacb31731', '66ece28e821e116aacb1db1f', '66f2a80d821e116aacb2a760', '6725d977bb02136c067d8373', '66f7f963bb02136c067c3be1', '6725dc6abb02136c067d8586', '670fb8dfbb02136c067d2c48', '66f28ede821e116aacb29a27', '66fc05b6bb02136c067c88e4', '67286634bb02136c067d91f0', '66fe81dcbb02136c067ca2de', '66f2e874821e116aacb2c0af', '66ec31eb821e116aacb1bf28', '66ed211f821e116aacb1ee0d', '66ec2df6821e116aacb1bb7b', '66f97d7fbb02136c067c56b2', '66f535c5821e116aacb33168', '66f2ef20821e116aacb2c278', '670cf1c0bb02136c067d26e5', '672468b1bb02136c067d74bd', '67246a00bb02136c067d759f', '66f590fa821e116aacb33f35', '671b5d49bb02136c067d55fb', '6723a1ccbb02136c067d70b3', '66f2982b821e116aacb29c66', '66f3f46f821e116aacb2ff5d', '66f5605a821e116aacb3381f', '66f55828821e116aacb3363e', '66f7f382bb02136c067c3a6c', '66fa3843bb02136c067c655d', '66f2a255821e116aacb2a20b', '66fcfb1cbb02136c067c938b', '66fcf53fbb02136c067c91e7', '66f1dac1821e116aacb27df1', '66fcf80dbb02136c067c928e', '66f40c5e821e116aacb30ad2']",42,"skipped: ['66f50109821e116aacb31f16', '66fa788abb02136c067c6d75', '6724c788bb02136c067d792d', '66f3f1a5821e116aacb2fdc7', '6724c1d4bb02136c067d77ec', '67286036bb02136c067d9092', '66fa8ccdbb02136c067c6fa7', '66f2a80d821e116aacb2a760', '66f7f963bb02136c067c3be1', '66f2e874821e116aacb2c0af', '66f2ef20821e116aacb2c278', '66f2982b821e116aacb29c66', '66f3f46f821e116aacb2ff5d', '66f7f382bb02136c067c3a6c', '66fa3843bb02136c067c655d', '66f2a255821e116aacb2a20b', '66f40c5e821e116aacb30ad2']"
unsloth/gemma-4-E2B-it-GGUF,Q8_0,turbo4,q8_0,131072,100,83,17,0,29,0.3494,0.3333,0.3585,"{""Multi-Document QA"": 0.2609, ""Single-Document QA"": 0.4545, ""Long-dialogue History Understanding"": 0.375, ""Code Repository Understanding"": 0.6667, ""Long In-context Learning"": 0.0833, ""Long Structured Data Understanding"": 0.0}",5.4522,223.36,72549.0,3.393840789794922,12.368,4146.0,4236.0,,490.94,"['66f3c1c3821e116aacb2eaf6', '66eefe85821e116aacb228dc', '66ebde0f5a08c7b9b35e1256', '671b1480bb02136c067d4f14', '66ed0cb0821e116aacb1e6c1', '66f67c18bb02136c067c21b8', '66ebdadd5a08c7b9b35e0e5b', '6704a442bb02136c067cdd91', '66f3ad93821e116aacb2e29f', '66f9625fbb02136c067c5456', '66f39ac5821e116aacb2da81', '66fa6867bb02136c067c6b3b', '66ec3a46821e116aacb1c49f', '66ebd5125a08c7b9b35e0616', '66fe8eb3bb02136c067ca35f', '66fcf36fbb02136c067c919e', '671b3fa1bb02136c067d5353', '66f41348821e116aacb30c89', '66ebe68d5a08c7b9b35e190b', '66f91f2cbb02136c067c4b1e', '66ebc95f5a08c7b9b35df497', '66ed1556821e116aacb1ea14', '66faac15bb02136c067c73f3', '66f284ff821e116aacb29763', '66f37635821e116aacb2d017', '6703a0ecbb02136c067cd11b', '66fab090bb02136c067c74e7', '66eae4de5a08c7b9b35dd12d', '66f8d84cbb02136c067c465f', '66f59d31821e116aacb340f6', '66fcf2f2bb02136c067c9169', '66fb6d71bb02136c067c7c34', '66eecc45821e116aacb225c3', '671b08c8bb02136c067d4e19', '66ebd49a5a08c7b9b35e0550', '66ec3aff821e116aacb1c52e', '6725db01bb02136c067d847f', '6719167dbb02136c067d4025', '66f3cca6821e116aacb2ef7c', '66f19f04821e116aacb27bab', '670493d4bb02136c067cdcd9', '66f2c44e821e116aacb2b826', '66f50109821e116aacb31f16', '66fa788abb02136c067c6d75', '6724c788bb02136c067d792d', '66f3f1a5821e116aacb2fdc7', '67246903bb02136c067d74f2', '6725d7a9bb02136c067d822d', '6724c1d4bb02136c067d77ec', '66f8d4b3bb02136c067c45c2', '670397b5bb02136c067ccec6', '66ebdfb65a08c7b9b35e140a', '66f52d48821e116aacb32cf4', '66f8c783bb02136c067c44b8', '6719ef50bb02136c067d4911', '66efaf70821e116aacb234bd', '66fa700bbb02136c067c6c06', '67189156bb02136c067d3b8d', '66f17aab821e116aacb2772d', '6725dcb2bb02136c067d85b7', '66ecfdbd821e116aacb1e3f7', '67286036bb02136c067d9092', '67192057bb02136c067d41b4', '66fa8ccdbb02136c067c6fa7', '66f4ce9e821e116aacb31731', '66ece28e821e116aacb1db1f', '66f2a80d821e116aacb2a760', '6725d977bb02136c067d8373', '66f7f963bb02136c067c3be1', '6725dc6abb02136c067d8586', '670fb8dfbb02136c067d2c48', '66f28ede821e116aacb29a27', '66fc05b6bb02136c067c88e4', '67286634bb02136c067d91f0', '66fe81dcbb02136c067ca2de', '66f2e874821e116aacb2c0af', '66ec31eb821e116aacb1bf28', '66ed211f821e116aacb1ee0d', '66ec2df6821e116aacb1bb7b', '66f97d7fbb02136c067c56b2', '66f535c5821e116aacb33168', '66f2ef20821e116aacb2c278', '670cf1c0bb02136c067d26e5', '672468b1bb02136c067d74bd', '67246a00bb02136c067d759f', '66f590fa821e116aacb33f35', '671b5d49bb02136c067d55fb', '6723a1ccbb02136c067d70b3', '66f2982b821e116aacb29c66', '66f3f46f821e116aacb2ff5d', '66f5605a821e116aacb3381f', '66f55828821e116aacb3363e', '66f7f382bb02136c067c3a6c', '66fa3843bb02136c067c655d', '66f2a255821e116aacb2a20b', '66fcfb1cbb02136c067c938b', '66fcf53fbb02136c067c91e7', '66f1dac1821e116aacb27df1', '66fcf80dbb02136c067c928e', '66f40c5e821e116aacb30ad2']",42,"skipped: ['66f50109821e116aacb31f16', '66fa788abb02136c067c6d75', '6724c788bb02136c067d792d', '66f3f1a5821e116aacb2fdc7', '6724c1d4bb02136c067d77ec', '67286036bb02136c067d9092', '66fa8ccdbb02136c067c6fa7', '66f2a80d821e116aacb2a760', '66f7f963bb02136c067c3be1', '66f2e874821e116aacb2c0af', '66f2ef20821e116aacb2c278', '66f2982b821e116aacb29c66', '66f3f46f821e116aacb2ff5d', '66f7f382bb02136c067c3a6c', '66fa3843bb02136c067c655d', '66f2a255821e116aacb2a20b', '66f40c5e821e116aacb30ad2']"
unsloth/gemma-4-E2B-it-GGUF,Q8_0,turbo4,turbo4,131072,100,83,17,0,26,0.3133,0.3,0.3208,"{""Multi-Document QA"": 0.2609, ""Single-Document QA"": 0.4242, ""Long-dialogue History Understanding"": 0.25, ""Code Repository Understanding"": 0.6667, ""Long In-context Learning"": 0.0, ""Long Structured Data Understanding"": 0.0}",5.4473,245.98,72549.0,3.3937644958496094,12.3651,3970.0,4060.0,,488.99,"['66f3c1c3821e116aacb2eaf6', '66eefe85821e116aacb228dc', '66ebde0f5a08c7b9b35e1256', '671b1480bb02136c067d4f14', '66ed0cb0821e116aacb1e6c1', '66f67c18bb02136c067c21b8', '66ebdadd5a08c7b9b35e0e5b', '6704a442bb02136c067cdd91', '66f3ad93821e116aacb2e29f', '66f9625fbb02136c067c5456', '66f39ac5821e116aacb2da81', '66fa6867bb02136c067c6b3b', '66ec3a46821e116aacb1c49f', '66ebd5125a08c7b9b35e0616', '66fe8eb3bb02136c067ca35f', '66fcf36fbb02136c067c919e', '671b3fa1bb02136c067d5353', '66f41348821e116aacb30c89', '66ebe68d5a08c7b9b35e190b', '66f91f2cbb02136c067c4b1e', '66ebc95f5a08c7b9b35df497', '66ed1556821e116aacb1ea14', '66faac15bb02136c067c73f3', '66f284ff821e116aacb29763', '66f37635821e116aacb2d017', '6703a0ecbb02136c067cd11b', '66fab090bb02136c067c74e7', '66eae4de5a08c7b9b35dd12d', '66f8d84cbb02136c067c465f', '66f59d31821e116aacb340f6', '66fcf2f2bb02136c067c9169', '66fb6d71bb02136c067c7c34', '66eecc45821e116aacb225c3', '671b08c8bb02136c067d4e19', '66ebd49a5a08c7b9b35e0550', '66ec3aff821e116aacb1c52e', '6725db01bb02136c067d847f', '6719167dbb02136c067d4025', '66f3cca6821e116aacb2ef7c', '66f19f04821e116aacb27bab', '670493d4bb02136c067cdcd9', '66f2c44e821e116aacb2b826', '66f50109821e116aacb31f16', '66fa788abb02136c067c6d75', '6724c788bb02136c067d792d', '66f3f1a5821e116aacb2fdc7', '67246903bb02136c067d74f2', '6725d7a9bb02136c067d822d', '6724c1d4bb02136c067d77ec', '66f8d4b3bb02136c067c45c2', '670397b5bb02136c067ccec6', '66ebdfb65a08c7b9b35e140a', '66f52d48821e116aacb32cf4', '66f8c783bb02136c067c44b8', '6719ef50bb02136c067d4911', '66efaf70821e116aacb234bd', '66fa700bbb02136c067c6c06', '67189156bb02136c067d3b8d', '66f17aab821e116aacb2772d', '6725dcb2bb02136c067d85b7', '66ecfdbd821e116aacb1e3f7', '67286036bb02136c067d9092', '67192057bb02136c067d41b4', '66fa8ccdbb02136c067c6fa7', '66f4ce9e821e116aacb31731', '66ece28e821e116aacb1db1f', '66f2a80d821e116aacb2a760', '6725d977bb02136c067d8373', '66f7f963bb02136c067c3be1', '6725dc6abb02136c067d8586', '670fb8dfbb02136c067d2c48', '66f28ede821e116aacb29a27', '66fc05b6bb02136c067c88e4', '67286634bb02136c067d91f0', '66fe81dcbb02136c067ca2de', '66f2e874821e116aacb2c0af', '66ec31eb821e116aacb1bf28', '66ed211f821e116aacb1ee0d', '66ec2df6821e116aacb1bb7b', '66f97d7fbb02136c067c56b2', '66f535c5821e116aacb33168', '66f2ef20821e116aacb2c278', '670cf1c0bb02136c067d26e5', '672468b1bb02136c067d74bd', '67246a00bb02136c067d759f', '66f590fa821e116aacb33f35', '671b5d49bb02136c067d55fb', '6723a1ccbb02136c067d70b3', '66f2982b821e116aacb29c66', '66f3f46f821e116aacb2ff5d', '66f5605a821e116aacb3381f', '66f55828821e116aacb3363e', '66f7f382bb02136c067c3a6c', '66fa3843bb02136c067c655d', '66f2a255821e116aacb2a20b', '66fcfb1cbb02136c067c938b', '66fcf53fbb02136c067c91e7', '66f1dac1821e116aacb27df1', '66fcf80dbb02136c067c928e', '66f40c5e821e116aacb30ad2']",42,"skipped: ['66f50109821e116aacb31f16', '66fa788abb02136c067c6d75', '6724c788bb02136c067d792d', '66f3f1a5821e116aacb2fdc7', '6724c1d4bb02136c067d77ec', '67286036bb02136c067d9092', '66fa8ccdbb02136c067c6fa7', '66f2a80d821e116aacb2a760', '66f7f963bb02136c067c3be1', '66f2e874821e116aacb2c0af', '66f2ef20821e116aacb2c278', '66f2982b821e116aacb29c66', '66f3f46f821e116aacb2ff5d', '66f7f382bb02136c067c3a6c', '66fa3843bb02136c067c655d', '66f2a255821e116aacb2a20b', '66f40c5e821e116aacb30ad2']"
bartowski/Meta-Llama-3.1-8B-Instruct-GGUF,Q8_0,f16,f16,131072,100,92,8,0,29,0.3152,0.303,0.322,"{""Multi-Document QA"": 0.24, ""Single-Document QA"": 0.4118, ""Long-dialogue History Understanding"": 0.5, ""Code Repository Understanding"": 0.2, ""Long In-context Learning"": 0.25, ""Long Structured Data Understanding"": 0.0}",20.0633,89.46,71649.0,1.0956382751464844,17.308,24800.0,24820.0,,2019.13,"['66f3c1c3821e116aacb2eaf6', '66eefe85821e116aacb228dc', '66ebde0f5a08c7b9b35e1256', '671b1480bb02136c067d4f14', '66ed0cb0821e116aacb1e6c1', '66f67c18bb02136c067c21b8', '66ebdadd5a08c7b9b35e0e5b', '6704a442bb02136c067cdd91', '66f3ad93821e116aacb2e29f', '66f9625fbb02136c067c5456', '66f39ac5821e116aacb2da81', '66fa6867bb02136c067c6b3b', '66ec3a46821e116aacb1c49f', '66ebd5125a08c7b9b35e0616', '66fe8eb3bb02136c067ca35f', '66fcf36fbb02136c067c919e', '671b3fa1bb02136c067d5353', '66f41348821e116aacb30c89', '66ebe68d5a08c7b9b35e190b', '66f91f2cbb02136c067c4b1e', '66ebc95f5a08c7b9b35df497', '66ed1556821e116aacb1ea14', '66faac15bb02136c067c73f3', '66f284ff821e116aacb29763', '66f37635821e116aacb2d017', '6703a0ecbb02136c067cd11b', '66fab090bb02136c067c74e7', '66eae4de5a08c7b9b35dd12d', '66f8d84cbb02136c067c465f', '66f59d31821e116aacb340f6', '66fcf2f2bb02136c067c9169', '66fb6d71bb02136c067c7c34', '66eecc45821e116aacb225c3', '671b08c8bb02136c067d4e19', '66ebd49a5a08c7b9b35e0550', '66ec3aff821e116aacb1c52e', '6725db01bb02136c067d847f', '6719167dbb02136c067d4025', '66f3cca6821e116aacb2ef7c', '66f19f04821e116aacb27bab', '670493d4bb02136c067cdcd9', '66f2c44e821e116aacb2b826', '66f50109821e116aacb31f16', '66fa788abb02136c067c6d75', '6724c788bb02136c067d792d', '66f3f1a5821e116aacb2fdc7', '67246903bb02136c067d74f2', '6725d7a9bb02136c067d822d', '6724c1d4bb02136c067d77ec', '66f8d4b3bb02136c067c45c2', '670397b5bb02136c067ccec6', '66ebdfb65a08c7b9b35e140a', '66f52d48821e116aacb32cf4', '66f8c783bb02136c067c44b8', '6719ef50bb02136c067d4911', '66efaf70821e116aacb234bd', '66fa700bbb02136c067c6c06', '67189156bb02136c067d3b8d', '66f17aab821e116aacb2772d', '6725dcb2bb02136c067d85b7', '66ecfdbd821e116aacb1e3f7', '67286036bb02136c067d9092', '67192057bb02136c067d41b4', '66fa8ccdbb02136c067c6fa7', '66f4ce9e821e116aacb31731', '66ece28e821e116aacb1db1f', '66f2a80d821e116aacb2a760', '6725d977bb02136c067d8373', '66f7f963bb02136c067c3be1', '6725dc6abb02136c067d8586', '670fb8dfbb02136c067d2c48', '66f28ede821e116aacb29a27', '66fc05b6bb02136c067c88e4', '67286634bb02136c067d91f0', '66fe81dcbb02136c067ca2de', '66f2e874821e116aacb2c0af', '66ec31eb821e116aacb1bf28', '66ed211f821e116aacb1ee0d', '66ec2df6821e116aacb1bb7b', '66f97d7fbb02136c067c56b2', '66f535c5821e116aacb33168', '66f2ef20821e116aacb2c278', '670cf1c0bb02136c067d26e5', '672468b1bb02136c067d74bd', '67246a00bb02136c067d759f', '66f590fa821e116aacb33f35', '671b5d49bb02136c067d55fb', '6723a1ccbb02136c067d70b3', '66f2982b821e116aacb29c66', '66f3f46f821e116aacb2ff5d', '66f5605a821e116aacb3381f', '66f55828821e116aacb3363e', '66f7f382bb02136c067c3a6c', '66fa3843bb02136c067c655d', '66f2a255821e116aacb2a20b', '66fcfb1cbb02136c067c938b', '66fcf53fbb02136c067c91e7', '66f1dac1821e116aacb27df1', '66fcf80dbb02136c067c928e', '66f40c5e821e116aacb30ad2']",42,"skipped: ['6724c788bb02136c067d792d', '66f3f1a5821e116aacb2fdc7', '6724c1d4bb02136c067d77ec', '67286036bb02136c067d9092', '66fa8ccdbb02136c067c6fa7', '66f2a80d821e116aacb2a760', '66f2982b821e116aacb29c66', '66f2a255821e116aacb2a20b']"
bartowski/Meta-Llama-3.1-8B-Instruct-GGUF,Q8_0,q8_0,q8_0,131072,100,92,8,0,28,0.3043,0.2727,0.322,"{""Multi-Document QA"": 0.24, ""Single-Document QA"": 0.3824, ""Long-dialogue History Understanding"": 0.5, ""Code Repository Understanding"": 0.2, ""Long In-context Learning"": 0.25, ""Long Structured Data Understanding"": 0.0}",19.9275,82.19,71649.0,1.0927734375,9.8321,17564.0,17584.0,,2005.65,"['66f3c1c3821e116aacb2eaf6', '66eefe85821e116aacb228dc', '66ebde0f5a08c7b9b35e1256', '671b1480bb02136c067d4f14', '66ed0cb0821e116aacb1e6c1', '66f67c18bb02136c067c21b8', '66ebdadd5a08c7b9b35e0e5b', '6704a442bb02136c067cdd91', '66f3ad93821e116aacb2e29f', '66f9625fbb02136c067c5456', '66f39ac5821e116aacb2da81', '66fa6867bb02136c067c6b3b', '66ec3a46821e116aacb1c49f', '66ebd5125a08c7b9b35e0616', '66fe8eb3bb02136c067ca35f', '66fcf36fbb02136c067c919e', '671b3fa1bb02136c067d5353', '66f41348821e116aacb30c89', '66ebe68d5a08c7b9b35e190b', '66f91f2cbb02136c067c4b1e', '66ebc95f5a08c7b9b35df497', '66ed1556821e116aacb1ea14', '66faac15bb02136c067c73f3', '66f284ff821e116aacb29763', '66f37635821e116aacb2d017', '6703a0ecbb02136c067cd11b', '66fab090bb02136c067c74e7', '66eae4de5a08c7b9b35dd12d', '66f8d84cbb02136c067c465f', '66f59d31821e116aacb340f6', '66fcf2f2bb02136c067c9169', '66fb6d71bb02136c067c7c34', '66eecc45821e116aacb225c3', '671b08c8bb02136c067d4e19', '66ebd49a5a08c7b9b35e0550', '66ec3aff821e116aacb1c52e', '6725db01bb02136c067d847f', '6719167dbb02136c067d4025', '66f3cca6821e116aacb2ef7c', '66f19f04821e116aacb27bab', '670493d4bb02136c067cdcd9', '66f2c44e821e116aacb2b826', '66f50109821e116aacb31f16', '66fa788abb02136c067c6d75', '6724c788bb02136c067d792d', '66f3f1a5821e116aacb2fdc7', '67246903bb02136c067d74f2', '6725d7a9bb02136c067d822d', '6724c1d4bb02136c067d77ec', '66f8d4b3bb02136c067c45c2', '670397b5bb02136c067ccec6', '66ebdfb65a08c7b9b35e140a', '66f52d48821e116aacb32cf4', '66f8c783bb02136c067c44b8', '6719ef50bb02136c067d4911', '66efaf70821e116aacb234bd', '66fa700bbb02136c067c6c06', '67189156bb02136c067d3b8d', '66f17aab821e116aacb2772d', '6725dcb2bb02136c067d85b7', '66ecfdbd821e116aacb1e3f7', '67286036bb02136c067d9092', '67192057bb02136c067d41b4', '66fa8ccdbb02136c067c6fa7', '66f4ce9e821e116aacb31731', '66ece28e821e116aacb1db1f', '66f2a80d821e116aacb2a760', '6725d977bb02136c067d8373', '66f7f963bb02136c067c3be1', '6725dc6abb02136c067d8586', '670fb8dfbb02136c067d2c48', '66f28ede821e116aacb29a27', '66fc05b6bb02136c067c88e4', '67286634bb02136c067d91f0', '66fe81dcbb02136c067ca2de', '66f2e874821e116aacb2c0af', '66ec31eb821e116aacb1bf28', '66ed211f821e116aacb1ee0d', '66ec2df6821e116aacb1bb7b', '66f97d7fbb02136c067c56b2', '66f535c5821e116aacb33168', '66f2ef20821e116aacb2c278', '670cf1c0bb02136c067d26e5', '672468b1bb02136c067d74bd', '67246a00bb02136c067d759f', '66f590fa821e116aacb33f35', '671b5d49bb02136c067d55fb', '6723a1ccbb02136c067d70b3', '66f2982b821e116aacb29c66', '66f3f46f821e116aacb2ff5d', '66f5605a821e116aacb3381f', '66f55828821e116aacb3363e', '66f7f382bb02136c067c3a6c', '66fa3843bb02136c067c655d', '66f2a255821e116aacb2a20b', '66fcfb1cbb02136c067c938b', '66fcf53fbb02136c067c91e7', '66f1dac1821e116aacb27df1', '66fcf80dbb02136c067c928e', '66f40c5e821e116aacb30ad2']",42,"skipped: ['6724c788bb02136c067d792d', '66f3f1a5821e116aacb2fdc7', '6724c1d4bb02136c067d77ec', '67286036bb02136c067d9092', '66fa8ccdbb02136c067c6fa7', '66f2a80d821e116aacb2a760', '66f2982b821e116aacb29c66', '66f2a255821e116aacb2a20b']"
bartowski/Meta-Llama-3.1-8B-Instruct-GGUF,Q8_0,turbo4,q8_0,131072,100,92,8,0,32,0.3478,0.2727,0.3898,"{""Multi-Document QA"": 0.32, ""Single-Document QA"": 0.4412, ""Long-dialogue History Understanding"": 0.625, ""Code Repository Understanding"": 0.1, ""Long In-context Learning"": 0.1667, ""Long Structured Data Understanding"": 0.3333}",19.7499,67.65,71649.0,1.0942878723144531,9.1666,15310.0,15330.0,,2018.03,"['66f3c1c3821e116aacb2eaf6', '66eefe85821e116aacb228dc', '66ebde0f5a08c7b9b35e1256', '671b1480bb02136c067d4f14', '66ed0cb0821e116aacb1e6c1', '66f67c18bb02136c067c21b8', '66ebdadd5a08c7b9b35e0e5b', '6704a442bb02136c067cdd91', '66f3ad93821e116aacb2e29f', '66f9625fbb02136c067c5456', '66f39ac5821e116aacb2da81', '66fa6867bb02136c067c6b3b', '66ec3a46821e116aacb1c49f', '66ebd5125a08c7b9b35e0616', '66fe8eb3bb02136c067ca35f', '66fcf36fbb02136c067c919e', '671b3fa1bb02136c067d5353', '66f41348821e116aacb30c89', '66ebe68d5a08c7b9b35e190b', '66f91f2cbb02136c067c4b1e', '66ebc95f5a08c7b9b35df497', '66ed1556821e116aacb1ea14', '66faac15bb02136c067c73f3', '66f284ff821e116aacb29763', '66f37635821e116aacb2d017', '6703a0ecbb02136c067cd11b', '66fab090bb02136c067c74e7', '66eae4de5a08c7b9b35dd12d', '66f8d84cbb02136c067c465f', '66f59d31821e116aacb340f6', '66fcf2f2bb02136c067c9169', '66fb6d71bb02136c067c7c34', '66eecc45821e116aacb225c3', '671b08c8bb02136c067d4e19', '66ebd49a5a08c7b9b35e0550', '66ec3aff821e116aacb1c52e', '6725db01bb02136c067d847f', '6719167dbb02136c067d4025', '66f3cca6821e116aacb2ef7c', '66f19f04821e116aacb27bab', '670493d4bb02136c067cdcd9', '66f2c44e821e116aacb2b826', '66f50109821e116aacb31f16', '66fa788abb02136c067c6d75', '6724c788bb02136c067d792d', '66f3f1a5821e116aacb2fdc7', '67246903bb02136c067d74f2', '6725d7a9bb02136c067d822d', '6724c1d4bb02136c067d77ec', '66f8d4b3bb02136c067c45c2', '670397b5bb02136c067ccec6', '66ebdfb65a08c7b9b35e140a', '66f52d48821e116aacb32cf4', '66f8c783bb02136c067c44b8', '6719ef50bb02136c067d4911', '66efaf70821e116aacb234bd', '66fa700bbb02136c067c6c06', '67189156bb02136c067d3b8d', '66f17aab821e116aacb2772d', '6725dcb2bb02136c067d85b7', '66ecfdbd821e116aacb1e3f7', '67286036bb02136c067d9092', '67192057bb02136c067d41b4', '66fa8ccdbb02136c067c6fa7', '66f4ce9e821e116aacb31731', '66ece28e821e116aacb1db1f', '66f2a80d821e116aacb2a760', '6725d977bb02136c067d8373', '66f7f963bb02136c067c3be1', '6725dc6abb02136c067d8586', '670fb8dfbb02136c067d2c48', '66f28ede821e116aacb29a27', '66fc05b6bb02136c067c88e4', '67286634bb02136c067d91f0', '66fe81dcbb02136c067ca2de', '66f2e874821e116aacb2c0af', '66ec31eb821e116aacb1bf28', '66ed211f821e116aacb1ee0d', '66ec2df6821e116aacb1bb7b', '66f97d7fbb02136c067c56b2', '66f535c5821e116aacb33168', '66f2ef20821e116aacb2c278', '670cf1c0bb02136c067d26e5', '672468b1bb02136c067d74bd', '67246a00bb02136c067d759f', '66f590fa821e116aacb33f35', '671b5d49bb02136c067d55fb', '6723a1ccbb02136c067d70b3', '66f2982b821e116aacb29c66', '66f3f46f821e116aacb2ff5d', '66f5605a821e116aacb3381f', '66f55828821e116aacb3363e', '66f7f382bb02136c067c3a6c', '66fa3843bb02136c067c655d', '66f2a255821e116aacb2a20b', '66fcfb1cbb02136c067c938b', '66fcf53fbb02136c067c91e7', '66f1dac1821e116aacb27df1', '66fcf80dbb02136c067c928e', '66f40c5e821e116aacb30ad2']",42,"skipped: ['6724c788bb02136c067d792d', '66f3f1a5821e116aacb2fdc7', '6724c1d4bb02136c067d77ec', '67286036bb02136c067d9092', '66fa8ccdbb02136c067c6fa7', '66f2a80d821e116aacb2a760', '66f2982b821e116aacb29c66', '66f2a255821e116aacb2a20b']"
bartowski/Meta-Llama-3.1-8B-Instruct-GGUF,Q8_0,turbo4,turbo4,131072,100,92,8,0,33,0.3587,0.3333,0.3729,"{""Multi-Document QA"": 0.28, ""Single-Document QA"": 0.4412, ""Long-dialogue History Understanding"": 0.625, ""Code Repository Understanding"": 0.2, ""Long In-context Learning"": 0.3333, ""Long Structured Data Understanding"": 0.0}",19.5474,81.29,71649.0,1.0906333923339844,9.2165,13020.0,13098.0,,1958.77,"['66f3c1c3821e116aacb2eaf6', '66eefe85821e116aacb228dc', '66ebde0f5a08c7b9b35e1256', '671b1480bb02136c067d4f14', '66ed0cb0821e116aacb1e6c1', '66f67c18bb02136c067c21b8', '66ebdadd5a08c7b9b35e0e5b', '6704a442bb02136c067cdd91', '66f3ad93821e116aacb2e29f', '66f9625fbb02136c067c5456', '66f39ac5821e116aacb2da81', '66fa6867bb02136c067c6b3b', '66ec3a46821e116aacb1c49f', '66ebd5125a08c7b9b35e0616', '66fe8eb3bb02136c067ca35f', '66fcf36fbb02136c067c919e', '671b3fa1bb02136c067d5353', '66f41348821e116aacb30c89', '66ebe68d5a08c7b9b35e190b', '66f91f2cbb02136c067c4b1e', '66ebc95f5a08c7b9b35df497', '66ed1556821e116aacb1ea14', '66faac15bb02136c067c73f3', '66f284ff821e116aacb29763', '66f37635821e116aacb2d017', '6703a0ecbb02136c067cd11b', '66fab090bb02136c067c74e7', '66eae4de5a08c7b9b35dd12d', '66f8d84cbb02136c067c465f', '66f59d31821e116aacb340f6', '66fcf2f2bb02136c067c9169', '66fb6d71bb02136c067c7c34', '66eecc45821e116aacb225c3', '671b08c8bb02136c067d4e19', '66ebd49a5a08c7b9b35e0550', '66ec3aff821e116aacb1c52e', '6725db01bb02136c067d847f', '6719167dbb02136c067d4025', '66f3cca6821e116aacb2ef7c', '66f19f04821e116aacb27bab', '670493d4bb02136c067cdcd9', '66f2c44e821e116aacb2b826', '66f50109821e116aacb31f16', '66fa788abb02136c067c6d75', '6724c788bb02136c067d792d', '66f3f1a5821e116aacb2fdc7', '67246903bb02136c067d74f2', '6725d7a9bb02136c067d822d', '6724c1d4bb02136c067d77ec', '66f8d4b3bb02136c067c45c2', '670397b5bb02136c067ccec6', '66ebdfb65a08c7b9b35e140a', '66f52d48821e116aacb32cf4', '66f8c783bb02136c067c44b8', '6719ef50bb02136c067d4911', '66efaf70821e116aacb234bd', '66fa700bbb02136c067c6c06', '67189156bb02136c067d3b8d', '66f17aab821e116aacb2772d', '6725dcb2bb02136c067d85b7', '66ecfdbd821e116aacb1e3f7', '67286036bb02136c067d9092', '67192057bb02136c067d41b4', '66fa8ccdbb02136c067c6fa7', '66f4ce9e821e116aacb31731', '66ece28e821e116aacb1db1f', '66f2a80d821e116aacb2a760', '6725d977bb02136c067d8373', '66f7f963bb02136c067c3be1', '6725dc6abb02136c067d8586', '670fb8dfbb02136c067d2c48', '66f28ede821e116aacb29a27', '66fc05b6bb02136c067c88e4', '67286634bb02136c067d91f0', '66fe81dcbb02136c067ca2de', '66f2e874821e116aacb2c0af', '66ec31eb821e116aacb1bf28', '66ed211f821e116aacb1ee0d', '66ec2df6821e116aacb1bb7b', '66f97d7fbb02136c067c56b2', '66f535c5821e116aacb33168', '66f2ef20821e116aacb2c278', '670cf1c0bb02136c067d26e5', '672468b1bb02136c067d74bd', '67246a00bb02136c067d759f', '66f590fa821e116aacb33f35', '671b5d49bb02136c067d55fb', '6723a1ccbb02136c067d70b3', '66f2982b821e116aacb29c66', '66f3f46f821e116aacb2ff5d', '66f5605a821e116aacb3381f', '66f55828821e116aacb3363e', '66f7f382bb02136c067c3a6c', '66fa3843bb02136c067c655d', '66f2a255821e116aacb2a20b', '66fcfb1cbb02136c067c938b', '66fcf53fbb02136c067c91e7', '66f1dac1821e116aacb27df1', '66fcf80dbb02136c067c928e', '66f40c5e821e116aacb30ad2']",42,"skipped: ['6724c788bb02136c067d792d', '66f3f1a5821e116aacb2fdc7', '6724c1d4bb02136c067d77ec', '67286036bb02136c067d9092', '66fa8ccdbb02136c067c6fa7', '66f2a80d821e116aacb2a760', '66f2982b821e116aacb29c66', '66f2a255821e116aacb2a20b']"
